{
    "status": {
        "isSuccess": true,
        "message": "Success!",
        "code": "SUCCESS"
    },
    "count": 10,
    "default": "false",
    "stream": [
               {
               "items": [
                         {
                         "unique_id": "prof_Prm3v9mkCf6Q2EG2Qeokic",
                         "type": "PROFILE",
                         "title": "Alex Bangash",
                         "description": "Founder at Trusted Insight. Founder of Rumson, an advisor to Endowments, Foundations, and Sovereign Wealth Funds. Investor in over 60 funds. The Whart",
                         "additionalInfo": "Founder, CEO & Managing Director",
                         "pictureUrl": "https://ti-dev-public-media.s3.amazonaws.com/avatars/users/AlexBangash_5.jpg",
                         "created": "",
                         "bookmarkInfo": {
                         "bookmark_id": "",
                         "is_bookmarked": false,
                         "created": ""
                         }
                         },
                         {
                         "unique_id": "prof_jAPHouu64gfrW2fzX4BcJY",
                         "type": "PROFILE",
                         "title": "Trang Nguyen",
                         "description": "",
                         "additionalInfo": "Portfolio Manager",
                         "pictureUrl": "https://ti-dev-public-media.s3.amazonaws.com/avatars/users/TrangNguyen1.jpg",
                         "created": "",
                         "bookmarkInfo": {
                         "bookmark_id": "",
                         "is_bookmarked": false,
                         "created": ""
                         }
                         },
                         {
                         "unique_id": "prof_yxdHLaNDNnL8tXDv524QjT",
                         "type": "PROFILE",
                         "title": "Eugene Lebedev",
                         "description": "",
                         "additionalInfo": "",
                         "pictureUrl": "https://ti-dev-public-media.s3.amazonaws.com/avatars/users/EugeneLebedev.jpg",
                         "created": "",
                         "bookmarkInfo": {
                         "bookmark_id": "",
                         "is_bookmarked": false,
                         "created": ""
                         }
                         },
                         {
                         "unique_id": "prof_tfTKMMJv74TuLvupJXJeZW",
                         "type": "PROFILE",
                         "title": "Nitish Kansal",
                         "description": "",
                         "additionalInfo": "Software Engineer at Mindfire Solutions",
                         "pictureUrl": "https://ti-dev-public-media.s3.amazonaws.com/avatars/users/NitishKansal_16.jpg",
                         "created": "",
                         "bookmarkInfo": {
                         "bookmark_id": "",
                         "is_bookmarked": false,
                         "created": ""
                         }
                         },
                         {
                         "unique_id": "prof_6NMuAnHvdZ5Lau3ptMLafB",
                         "type": "PROFILE",
                         "title": "Elton Shehdula",
                         "description": "",
                         "additionalInfo": "Junior Investment Associate",
                         "pictureUrl": "https://ti-dev-public-media.s3.amazonaws.com/avatars/users/EltonShehdula1.jpg_m_xxxhdpi_768x768.jpg",
                         "created": "",
                         "bookmarkInfo": {
                         "bookmark_id": "",
                         "is_bookmarked": false,
                         "created": ""
                         }
                         },
                         {
                         "unique_id": "prof_FKQgyYdjmrhjTNE6yANRSn",
                         "type": "PROFILE",
                         "title": "Becky Nye",
                         "description": "",
                         "additionalInfo": "",
                         "pictureUrl": "https://ti-dev-public-media.s3.amazonaws.com/avatars/users/BeckyNye1.jpg_m_xxxhdpi_768x768.jpg",
                         "created": "",
                         "bookmarkInfo": {
                         "bookmark_id": "",
                         "is_bookmarked": false,
                         "created": ""
                         }
                         }
                         ],
               "type": "PROFILE",
               "title": "People you may know"
               },
               {
               "items": [
                         {
                         "unique_id": "prof_jAPHouu64gfrW2fzX4BcJY",
                         "type": "PROFILE",
                         "title": "Trang Nguyen",
                         "description": "",
                         "additionalInfo": "Portfolio Manager",
                         "pictureUrl": "https://ti-dev-public-media.s3.amazonaws.com/avatars/users/TrangNguyen1.jpg",
                         "created": "",
                         "bookmarkInfo": {
                         "bookmark_id": "",
                         "is_bookmarked": false,
                         "created": ""
                         }
                         },
                         {
                         "unique_id": "prof_yxdHLaNDNnL8tXDv524QjT",
                         "type": "PROFILE",
                         "title": "Eugene Lebedev",
                         "description": "",
                         "additionalInfo": "",
                         "pictureUrl": "https://ti-dev-public-media.s3.amazonaws.com/avatars/users/EugeneLebedev.jpg",
                         "created": "",
                         "bookmarkInfo": {
                         "bookmark_id": "",
                         "is_bookmarked": false,
                         "created": ""
                         }
                         },
                         {
                         "unique_id": "prof_tfTKMMJv74TuLvupJXJeZW",
                         "type": "PROFILE",
                         "title": "Nitish Kansal",
                         "description": "",
                         "additionalInfo": "Software Engineer at Mindfire Solutions",
                         "pictureUrl": "https://ti-dev-public-media.s3.amazonaws.com/avatars/users/NitishKansal_16.jpg",
                         "created": "",
                         "bookmarkInfo": {
                         "bookmark_id": "",
                         "is_bookmarked": false,
                         "created": ""
                         }
                         },
                         {
                         "unique_id": "prof_6NMuAnHvdZ5Lau3ptMLafB",
                         "type": "PROFILE",
                         "title": "Elton Shehdula",
                         "description": "",
                         "additionalInfo": "Junior Investment Associate",
                         "pictureUrl": "https://ti-dev-public-media.s3.amazonaws.com/avatars/users/EltonShehdula1.jpg_m_xxxhdpi_768x768.jpg",
                         "created": "",
                         "bookmarkInfo": {
                         "bookmark_id": "",
                         "is_bookmarked": false,
                         "created": ""
                         }
                         },
                         {
                         "unique_id": "prof_FKQgyYdjmrhjTNE6yANRSn",
                         "type": "PROFILE",
                         "title": "Becky Nye",
                         "description": "",
                         "additionalInfo": "",
                         "pictureUrl": "https://ti-dev-public-media.s3.amazonaws.com/avatars/users/BeckyNye1.jpg_m_xxxhdpi_768x768.jpg",
                         "created": "",
                         "bookmarkInfo": {
                         "bookmark_id": "",
                         "is_bookmarked": false,
                         "created": ""
                         }
                         }
                         ],
               "type": "PROFILE",
               "title": "People you may know"
               },
               {
               "items": [
                         {
                         "unique_id": "prof_yxdHLaNDNnL8tXDv524QjT",
                         "type": "PROFILE",
                         "title": "Eugene Lebedev",
                         "description": "",
                         "additionalInfo": "",
                         "pictureUrl": "https://ti-dev-public-media.s3.amazonaws.com/avatars/users/EugeneLebedev.jpg",
                         "created": "",
                         "bookmarkInfo": {
                         "bookmark_id": "",
                         "is_bookmarked": false,
                         "created": ""
                         }
                         },
                         {
                         "unique_id": "prof_tfTKMMJv74TuLvupJXJeZW",
                         "type": "PROFILE",
                         "title": "Nitish Kansal",
                         "description": "",
                         "additionalInfo": "Software Engineer at Mindfire Solutions",
                         "pictureUrl": "https://ti-dev-public-media.s3.amazonaws.com/avatars/users/NitishKansal_16.jpg",
                         "created": "",
                         "bookmarkInfo": {
                         "bookmark_id": "",
                         "is_bookmarked": false,
                         "created": ""
                         }
                         },
                         {
                         "unique_id": "prof_6NMuAnHvdZ5Lau3ptMLafB",
                         "type": "PROFILE",
                         "title": "Elton Shehdula",
                         "description": "",
                         "additionalInfo": "Junior Investment Associate",
                         "pictureUrl": "https://ti-dev-public-media.s3.amazonaws.com/avatars/users/EltonShehdula1.jpg_m_xxxhdpi_768x768.jpg",
                         "created": "",
                         "bookmarkInfo": {
                         "bookmark_id": "",
                         "is_bookmarked": false,
                         "created": ""
                         }
                         },
                         {
                         "unique_id": "prof_FKQgyYdjmrhjTNE6yANRSn",
                         "type": "PROFILE",
                         "title": "Becky Nye",
                         "description": "",
                         "additionalInfo": "",
                         "pictureUrl": "https://ti-dev-public-media.s3.amazonaws.com/avatars/users/BeckyNye1.jpg_m_xxxhdpi_768x768.jpg",
                         "created": "",
                         "bookmarkInfo": {
                         "bookmark_id": "",
                         "is_bookmarked": false,
                         "created": ""
                         }
                         }
                         ],
               "type": "PROFILE",
               "title": "People you may know"
               },
               {
               "items": [
                         {
                         "unique_id": "prof_tfTKMMJv74TuLvupJXJeZW",
                         "type": "PROFILE",
                         "title": "Nitish Kansal",
                         "description": "",
                         "additionalInfo": "Software Engineer at Mindfire Solutions",
                         "pictureUrl": "https://ti-dev-public-media.s3.amazonaws.com/avatars/users/NitishKansal_16.jpg",
                         "created": "",
                         "bookmarkInfo": {
                         "bookmark_id": "",
                         "is_bookmarked": false,
                         "created": ""
                         }
                         },
                         {
                         "unique_id": "prof_6NMuAnHvdZ5Lau3ptMLafB",
                         "type": "PROFILE",
                         "title": "Elton Shehdula",
                         "description": "",
                         "additionalInfo": "Junior Investment Associate",
                         "pictureUrl": "https://ti-dev-public-media.s3.amazonaws.com/avatars/users/EltonShehdula1.jpg_m_xxxhdpi_768x768.jpg",
                         "created": "",
                         "bookmarkInfo": {
                         "bookmark_id": "",
                         "is_bookmarked": false,
                         "created": ""
                         }
                         },
                         {
                         "unique_id": "prof_FKQgyYdjmrhjTNE6yANRSn",
                         "type": "PROFILE",
                         "title": "Becky Nye",
                         "description": "",
                         "additionalInfo": "",
                         "pictureUrl": "https://ti-dev-public-media.s3.amazonaws.com/avatars/users/BeckyNye1.jpg_m_xxxhdpi_768x768.jpg",
                         "created": "",
                         "bookmarkInfo": {
                         "bookmark_id": "",
                         "is_bookmarked": false,
                         "created": ""
                         }
                         }
                         ],
               "type": "PROFILE",
               "title": "People you may know"
               }
               ],
    "seq_num": 0.0
}
