{
    "status": {
        "message": "Success!",
        "code": "SUCCESS",
        "isSuccess": true
    },
    "result": [
               {
               "items": [
                         {
                         "contentUrl": "https://thetrustedinsight.com/",
                         "unique_id": "prof_asdfghjkl",
                         "title": "Alex Bangash",
                         "created": "",
                         "type": "PROFILE",
                         "additionalInfo": "",
                         "pictureUrl": "https://ti-dev-public-media.s3.amazonaws.com/avatars/users/02_Sullivan_Photo.jpg_m_xxxhdpi_768x768.jpg",
                         "description": "Alex is CEO of Trusted Insight"
                         },
                         {
                         "contentUrl": "https://thetrustedinsight.com/",
                         "unique_id": "prof_asdfghjkl",
                         "title": "John Doe",
                         "created": "",
                         "type": "PROFILE",
                         "additionalInfo": "",
                         "pictureUrl": "https://ti-dev-public-media.s3.amazonaws.com/avatars/users/Brook_Campbell-1_1.jpg_m_xxxhdpi_768x768.jpg",
                         "description": "John owns the black castle"
                         },
                         {
                         "contentUrl": "https://thetrustedinsight.com/",
                         "unique_id": "prof_asdfghjkl",
                         "title": "Jon Snow",
                         "created": "",
                         "type": "PROFILE",
                         "additionalInfo": "",
                         "pictureUrl": "https://ti-dev-public-media.s3.amazonaws.com/avatars/users/Carolina.jpg_m_xxxhdpi_768x768.jpg",
                         "description": "Jon Snow is Lord Commander"
                         }
                         ],
               "type": "PROFILE"
               },
               {
               "items": [
                         {
                         "contentUrl": "https://thetrustedinsight.com/",
                         "unique_id": "prof_asdfghjkl",
                         "title": "Alex Bangash",
                         "created": "",
                         "type": "PROFILE",
                         "additionalInfo": "",
                         "pictureUrl": "https://ti-dev-public-media.s3.amazonaws.com/avatars/users/02_Sullivan_Photo.jpg_m_xxxhdpi_768x768.jpg",
                         "description": "Alex is CEO of Trusted Insight"
                         },
                         {
                         "contentUrl": "https://thetrustedinsight.com/",
                         "unique_id": "prof_asdfghjkl",
                         "title": "John Doe",
                         "created": "",
                         "type": "PROFILE",
                         "additionalInfo": "",
                         "pictureUrl": "https://ti-dev-public-media.s3.amazonaws.com/avatars/users/Brook_Campbell-1_1.jpg_m_xxxhdpi_768x768.jpg",
                         "description": "John owns the black castle"
                         },
                         {
                         "contentUrl": "https://thetrustedinsight.com/",
                         "unique_id": "prof_asdfghjkl",
                         "title": "Jon Snow",
                         "created": "",
                         "type": "PROFILE",
                         "additionalInfo": "",
                         "pictureUrl": "https://ti-dev-public-media.s3.amazonaws.com/avatars/users/Carolina.jpg_m_xxxhdpi_768x768.jpg",
                         "description": "Jon Snow is Lord Commander"
                         }
                         ],
               "type": "NEWS"
               },
               {
               "items": [
                         {
                         "contentUrl": "https://thetrustedinsight.com/",
                         "unique_id": "prof_asdfghjkl",
                         "title": "Alex Bangash",
                         "created": "",
                         "type": "PROFILE",
                         "additionalInfo": "",
                         "pictureUrl": "https://ti-dev-public-media.s3.amazonaws.com/avatars/users/02_Sullivan_Photo.jpg_m_xxxhdpi_768x768.jpg",
                         "description": "Alex is CEO of Trusted Insight"
                         },
                         {
                         "contentUrl": "https://thetrustedinsight.com/",
                         "unique_id": "prof_asdfghjkl",
                         "title": "John Doe",
                         "created": "",
                         "type": "PROFILE",
                         "additionalInfo": "",
                         "pictureUrl": "https://ti-dev-public-media.s3.amazonaws.com/avatars/users/Brook_Campbell-1_1.jpg_m_xxxhdpi_768x768.jpg",
                         "description": "John owns the black castle"
                         },
                         {
                         "contentUrl": "https://thetrustedinsight.com/",
                         "unique_id": "prof_asdfghjkl",
                         "title": "Jon Snow",
                         "created": "",
                         "type": "PROFILE",
                         "additionalInfo": "",
                         "pictureUrl": "https://ti-dev-public-media.s3.amazonaws.com/avatars/users/Carolina.jpg_m_xxxhdpi_768x768.jpg",
                         "description": "Jon Snow is Lord Commander"
                         }
                         ],
               "type": "JOB"
               },
               {
               "items": [
                         {
                         "contentUrl": "https://thetrustedinsight.com/",
                         "unique_id": "prof_asdfghjkl",
                         "title": "Alex Bangash",
                         "created": "",
                         "type": "PROFILE",
                         "additionalInfo": "",
                         "pictureUrl": "https://ti-dev-public-media.s3.amazonaws.com/avatars/users/02_Sullivan_Photo.jpg_m_xxxhdpi_768x768.jpg",
                         "description": "Alex is CEO of Trusted Insight"
                         },
                         {
                         "contentUrl": "https://thetrustedinsight.com/",
                         "unique_id": "prof_asdfghjkl",
                         "title": "John Doe",
                         "created": "",
                         "type": "PROFILE",
                         "additionalInfo": "",
                         "pictureUrl": "https://ti-dev-public-media.s3.amazonaws.com/avatars/users/Brook_Campbell-1_1.jpg_m_xxxhdpi_768x768.jpg",
                         "description": "John owns the black castle"
                         },
                         {
                         "contentUrl": "https://thetrustedinsight.com/",
                         "unique_id": "prof_asdfghjkl",
                         "title": "Jon Snow",
                         "created": "",
                         "type": "PROFILE",
                         "additionalInfo": "",
                         "pictureUrl": "https://ti-dev-public-media.s3.amazonaws.com/avatars/users/Carolina.jpg_m_xxxhdpi_768x768.jpg",
                         "description": "Jon Snow is Lord Commander"
                         }
                         ],
               "type": "SNH"
               },
               {
               "items": [
                         {
                         "contentUrl": "https://thetrustedinsight.com/",
                         "unique_id": "prof_asdfghjkl",
                         "title": "Alex Bangash",
                         "created": "",
                         "type": "PROFILE",
                         "additionalInfo": "",
                         "pictureUrl": "https://ti-dev-public-media.s3.amazonaws.com/avatars/users/02_Sullivan_Photo.jpg_m_xxxhdpi_768x768.jpg",
                         "description": "Alex is CEO of Trusted Insight"
                         },
                         {
                         "contentUrl": "https://thetrustedinsight.com/",
                         "unique_id": "prof_asdfghjkl",
                         "title": "John Doe",
                         "created": "",
                         "type": "PROFILE",
                         "additionalInfo": "",
                         "pictureUrl": "https://ti-dev-public-media.s3.amazonaws.com/avatars/users/Brook_Campbell-1_1.jpg_m_xxxhdpi_768x768.jpg",
                         "description": "John owns the black castle"
                         },
                         {
                         "contentUrl": "https://thetrustedinsight.com/",
                         "unique_id": "prof_asdfghjkl",
                         "title": "Jon Snow",
                         "created": "",
                         "type": "PROFILE",
                         "additionalInfo": "",
                         "pictureUrl": "https://ti-dev-public-media.s3.amazonaws.com/avatars/users/Carolina.jpg_m_xxxhdpi_768x768.jpg",
                         "description": "Jon Snow is Lord Commander"
                         }
                         ],
               "type": "EVENT"
               },
               {
               "items": [
                         {
                         "contentUrl": "https://thetrustedinsight.com/",
                         "unique_id": "prof_asdfghjkl",
                         "title": "Alex Bangash",
                         "created": "",
                         "type": "PROFILE",
                         "additionalInfo": "",
                         "pictureUrl": "https://ti-dev-public-media.s3.amazonaws.com/avatars/users/02_Sullivan_Photo.jpg_m_xxxhdpi_768x768.jpg",
                         "description": "Alex is CEO of Trusted Insight"
                         },
                         {
                         "contentUrl": "https://thetrustedinsight.com/",
                         "unique_id": "prof_asdfghjkl",
                         "title": "John Doe",
                         "created": "",
                         "type": "PROFILE",
                         "additionalInfo": "",
                         "pictureUrl": "https://ti-dev-public-media.s3.amazonaws.com/avatars/users/Brook_Campbell-1_1.jpg_m_xxxhdpi_768x768.jpg",
                         "description": "John owns the black castle"
                         },
                         {
                         "contentUrl": "https://thetrustedinsight.com/",
                         "unique_id": "prof_asdfghjkl",
                         "title": "Jon Snow",
                         "created": "",
                         "type": "PROFILE",
                         "additionalInfo": "",
                         "pictureUrl": "https://ti-dev-public-media.s3.amazonaws.com/avatars/users/Carolina.jpg_m_xxxhdpi_768x768.jpg",
                         "description": "Jon Snow is Lord Commander"
                         }
                         ],
               "type": "RANKING"
               },
               {
               "items": [
                         {
                         "contentUrl": "https://thetrustedinsight.com/",
                         "unique_id": "prof_asdfghjkl",
                         "title": "Alex Bangash",
                         "created": "",
                         "type": "PROFILE",
                         "additionalInfo": "",
                         "pictureUrl": "https://ti-dev-public-media.s3.amazonaws.com/avatars/users/02_Sullivan_Photo.jpg_m_xxxhdpi_768x768.jpg",
                         "description": "Alex is CEO of Trusted Insight"
                         },
                         {
                         "contentUrl": "https://thetrustedinsight.com/",
                         "unique_id": "prof_asdfghjkl",
                         "title": "John Doe",
                         "created": "",
                         "type": "PROFILE",
                         "additionalInfo": "",
                         "pictureUrl": "https://ti-dev-public-media.s3.amazonaws.com/avatars/users/Brook_Campbell-1_1.jpg_m_xxxhdpi_768x768.jpg",
                         "description": "John owns the black castle"
                         },
                         {
                         "contentUrl": "https://thetrustedinsight.com/",
                         "unique_id": "prof_asdfghjkl",
                         "title": "Jon Snow",
                         "created": "",
                         "type": "PROFILE",
                         "additionalInfo": "",
                         "pictureUrl": "https://ti-dev-public-media.s3.amazonaws.com/avatars/users/Carolina.jpg_m_xxxhdpi_768x768.jpg",
                         "description": "Jon Snow is Lord Commander"
                         }
                         ],
               "type": "FIRM"
               },
               {
               "items": [
                         {
                         "contentUrl": "https://thetrustedinsight.com/",
                         "unique_id": "prof_asdfghjkl",
                         "title": "Alex Bangash",
                         "created": "",
                         "type": "PROFILE",
                         "additionalInfo": "",
                         "pictureUrl": "https://ti-dev-public-media.s3.amazonaws.com/avatars/users/02_Sullivan_Photo.jpg_m_xxxhdpi_768x768.jpg",
                         "description": "Alex is CEO of Trusted Insight"
                         },
                         {
                         "contentUrl": "https://thetrustedinsight.com/",
                         "unique_id": "prof_asdfghjkl",
                         "title": "John Doe",
                         "created": "",
                         "type": "PROFILE",
                         "additionalInfo": "",
                         "pictureUrl": "https://ti-dev-public-media.s3.amazonaws.com/avatars/users/Brook_Campbell-1_1.jpg_m_xxxhdpi_768x768.jpg",
                         "description": "John owns the black castle"
                         },
                         {
                         "contentUrl": "https://thetrustedinsight.com/",
                         "unique_id": "prof_asdfghjkl",
                         "title": "Jon Snow",
                         "created": "",
                         "type": "PROFILE",
                         "additionalInfo": "",
                         "pictureUrl": "https://ti-dev-public-media.s3.amazonaws.com/avatars/users/Carolina.jpg_m_xxxhdpi_768x768.jpg",
                         "description": "Jon Snow is Lord Commander"
                         }
                         ],
               "type": "SYNDICATE"
               },
               ],
    "filters": [
                {
                "value": "JOB",
                "displayName": "Jobs"
                },
                {
                "value": "NEWS",
                "displayName": "News"
                },
                {
                "value": "EVENT",
                "displayName": "Events"
                },
                {
                "value": "PROFILE",
                "displayName": "Profiles"
                }
                ],
    "count": 6
}